{"accuracy": [0.7619500160217285, 0.8963500261306763, 0.9316499829292297, 0.9488000273704529, 0.9692500233650208, 0.9792500138282776, 0.9896000027656555, 0.980650007724762, 0.9950500130653381, 0.9983000159263611, 0.9944000244140625, 0.9943000078201294, 0.9955499768257141, 0.9987999796867371, 0.9981499910354614], "loss": [0.4727306067943573, 0.2650192379951477, 0.18309348821640015, 0.1409282237291336, 0.08916305005550385, 0.06362083554267883, 0.03552429378032684, 0.056225281208753586, 0.018633341416716576, 0.007798738311976194, 0.017393197864294052, 0.018620602786540985, 0.01311382558196783, 0.005197613965719938, 0.006787318270653486], "val_accuracy": [0.8366000056266785, 0.8515999913215637, 0.8497999906539917, 0.8676000237464905, 0.8560000061988831, 0.8514000177383423, 0.8452000021934509, 0.8610000014305115, 0.8593999743461609, 0.855400025844574, 0.8483999967575073, 0.850600004196167, 0.8600000143051147, 0.859000027179718, 0.8593999743461609], "val_loss": [0.36580121517181396, 0.3417031466960907, 0.37378495931625366, 0.3978451192378998, 0.42417412996292114, 0.5022199749946594, 0.5996038317680359, 0.5855611562728882, 0.715435802936554, 0.7839064002037048, 0.6720677018165588, 0.7514871954917908, 0.7853884696960449, 0.8838774561882019, 0.8577068448066711]}