{"accuracy": [0.7627999782562256, 0.8953499794006348, 0.9307000041007996, 0.9472500085830688, 0.9314000010490417, 0.9702500104904175, 0.9785000085830688, 0.9810500144958496, 0.9888499975204468, 0.9908000230789185, 0.9883999824523926, 0.9942499995231628, 0.9968000054359436, 0.9978500008583069, 0.9968500137329102], "loss": [0.471788614988327, 0.2618093192577362, 0.1849949061870575, 0.14212566614151, 0.17327013611793518, 0.08916473388671875, 0.06149979308247566, 0.05667664110660553, 0.03646419197320938, 0.03057044930756092, 0.035553958266973495, 0.020514920353889465, 0.01066870428621769, 0.00909493863582611, 0.01033608429133892], "val_accuracy": [0.8529999852180481, 0.8565999865531921, 0.8737999796867371, 0.8518000245094299, 0.854200005531311, 0.8686000108718872, 0.8428000211715698, 0.8644000291824341, 0.8669999837875366, 0.8564000129699707, 0.850600004196167, 0.8586000204086304, 0.8568000197410583, 0.8637999892234802, 0.8629999756813049], "val_loss": [0.35250911116600037, 0.35538023710250854, 0.3548859655857086, 0.3566628098487854, 0.3684462606906891, 0.4251693785190582, 0.47537583112716675, 0.5722328424453735, 0.5843974351882935, 0.5961815118789673, 0.5829185247421265, 0.7223477959632874, 0.7427195906639099, 0.7766538262367249, 0.8047229051589966]}