{"accuracy": [0.7871000170707703, 0.9021499752998352, 0.9310500025749207, 0.949150025844574, 0.9634000062942505, 0.9722499847412109, 0.9822499752044678, 0.9818999767303467, 0.9881500005722046, 0.9903500080108643, 0.9906499981880188, 0.9898499846458435, 0.9919499754905701, 0.9907000064849854, 0.9947999715805054], "loss": [0.4438663721084595, 0.2484842836856842, 0.18150877952575684, 0.1427796334028244, 0.10384499281644821, 0.08211253583431244, 0.05442604422569275, 0.05475436896085739, 0.039478376507759094, 0.031607914716005325, 0.030493848025798798, 0.032156962901353836, 0.02589576505124569, 0.030282553285360336, 0.01844649948179722], "val_accuracy": [0.8605999946594238, 0.8708000183105469, 0.8715999722480774, 0.8568000197410583, 0.8569999933242798, 0.8622000217437744, 0.8428000211715698, 0.8569999933242798, 0.847599983215332, 0.8407999873161316, 0.8555999994277954, 0.8564000129699707, 0.765999972820282, 0.8633999824523926, 0.8605999946594238], "val_loss": [0.3333633542060852, 0.356181263923645, 0.3468407094478607, 0.39160314202308655, 0.4610874056816101, 0.5063635110855103, 0.6883723735809326, 0.5572375655174255, 0.5957891345024109, 0.6723768711090088, 0.7160068154335022, 0.6907147169113159, 0.7612472176551819, 0.7504182457923889, 0.7453734874725342]}